id;sourceid;sourcename;name;website;email;phone;address;postalcode;city;country
1;23781;program invoice JSON;Awesome Rubber Chicken hacking;Buckinghamshire Fiji;Reuben74@yahoo.com;865-385-2886 x588;Parks SAS;Developer;West Brent;Switzerland
2;63812;override;Auto Loan Account;Rufiyaa Tala Steel;Elmer_Kerluke@hotmail.com;948-624-1123;Nebraska;Administrator Washington;South Paula;Swaziland
3;38045;Massachusetts;synthesizing;Avon;Roberta1@gmail.com;480-912-3078 x559;Compatible;olive;Lake Andreaneview;Germany
4;69872;Tuna repurpose;deploy Chair open-source;Harbor;Caleb.Corkery@gmail.com;1-092-505-8850;white online infomediaries;Toys Ameliorated;Simonisfurt;Brunei Darussalam
5;39070;Spur Borders;Wooden Bedfordshire circuit;Chief structure;Yadira48@hotmail.com;810-805-6753;Checking Account indexing;Metal Avon process improvement;Bryonside;Democratic People's Republic of Korea
6;21796;Beauty Clothing;Western Sahara;proactive;Jessie_Altenwerth35@yahoo.com;823-700-3863;multi-byte Grove Seamless;RAM;Wildermanport;Malaysia
7;32378;Lead application;Automotive quantifying;Vermont Small;Shawna_Hintz@gmail.com;1-933-276-5100;Refined regional Small;salmon Data Configuration;Geovanniland;Saint Kitts and Nevis
8;73944;Producer Usability;Customer value-added Shoes;Idaho;Justice_Osinski@gmail.com;1-938-969-2400 x9752;secondary;Outdoors;New Boyd;Andorra
9;36722;payment target;synthesizing Agent;Small North Carolina Honduras;Crystal.Nikolaus86@yahoo.com;(032) 722-7001 x3587;Wooden Ergonomic;payment Producer United States Minor Outlying Islands;Hilllview;Bangladesh
10;94064;Car Investor Lesotho;knowledge base;Lead Savings Account;Mina.Dickinson52@gmail.com;764.588.6685 x6047;Fish;schemas;West Ian;Antigua and Barbuda
